"category id","product id","product name",tong,xep_hang
1,FUR-CH-10002024,"HON 5400 Series Task Chairs for Big and Tall",21870.576,1
1,FUR-BO-10004834,"Riverside Palais Royal Lawyers Bookcase, Royale Cherry Finish",15610.9656,2
1,FUR-TA-10003473,"Bretford Rectangular Conference Table Tops",12995.2915,3
2,OFF-BI-10003527,"Fellowes PB500 Electric Punch Plastic Comb Binding Machine with Manual Bind",27453.384000000005,1
2,OFF-BI-10001359,"GBC DocuBind TL300 Electric Binding System",19823.479,2
2,OFF-BI-10000545,"GBC Ibimaster 500 Manual ProClick Binding System",19024.499999999996,3
3,TEC-CO-10004722,"Canon imageCLASS 2200 Advanced Copier",61599.824,1
3,TEC-MA-10002412,"Cisco TelePresence System EX90 Videoconferencing Unit",22638.48,2
3,TEC-CO-10001449,"Hewlett Packard LaserJet 3310 Copier",18839.686,3
