"retail Order id","order id","order Date","ship Date","ship Mode id","customer id","postal Code","retail Sales People id","product id",returned,"ship status",sales,quantity,profit,cost,days
1,CA-2016-152156,2016-08-11,2016-11-11,1,CG-12520,42420,1,FUR-BO-10001798,Not,Late,261.96,2,41.9136,220.0464,92
2,CA-2016-152156,2016-08-11,2016-11-11,1,CG-12520,42420,1,FUR-CH-10000454,Not,Late,731.94,3,219.582,512.358,92
24,US-2017-156909,2017-07-16,2017-07-18,1,SF-20065,19140,4,FUR-CH-10002774,Not,On-Time,71.372,2,-1.0196,72.3916,2
28,US-2015-150630,2015-09-17,2015-09-21,2,TB-21520,19140,4,FUR-BO-10004834,Not,On-Time,3083.43,7,-1665.0522,4748.4822,4
39,CA-2015-117415,2015-12-27,2015-12-31,2,SN-20710,77041,3,FUR-BO-10002545,Not,On-Time,532.3992,3,-46.9764,579.3756,4
73,US-2015-134026,2015-04-26,2015-04-26,2,JE-15745,38109,1,FUR-CH-10000513,Not,On-Time,831.936,8,-114.3912,946.3272,0
86,CA-2017-140088,2017-05-28,2017-05-30,1,PO-18865,29203,1,FUR-CH-10000863,Not,On-Time,301.96,2,33.2156,268.7444,2
129,US-2016-125969,2016-06-11,2016-10-11,1,LS-16975,90004,2,FUR-CH-10001146,Not,Late,81.424,2,-9.1602,90.5842,122
150,CA-2016-114489,2016-05-12,2016-09-12,2,JE-16165,53132,3,FUR-CH-10000454,Not,Late,1951.84,8,585.552,1366.288,123
190,CA-2015-102281,2015-12-10,2015-12-10,3,MP-17470,10035,4,FUR-BO-10002613,Not,On-Time,899.136,4,112.392,786.744,0
193,CA-2015-102281,2015-12-10,2015-12-10,3,MP-17470,10035,4,FUR-BO-10002545,Not,On-Time,626.352,3,46.9764,579.3756,0
214,CA-2015-146262,2015-02-01,2015-09-01,2,VW-21775,44256,4,FUR-BO-10004695,Yes,Late,452.45,5,-244.323,696.773,212
293,CA-2016-110772,2016-11-20,2016-11-24,1,NZ-18565,43229,4,FUR-BO-10004709,Not,Late,86.97,3,-48.7032,135.6732,4
295,CA-2014-111451,2014-12-26,2014-12-28,3,KL-16555,80906,2,FUR-CH-10001891,Not,On-Time,230.352,3,20.1558,210.1962,2
318,CA-2014-164973,2014-04-11,2014-09-11,2,NM-18445,10024,4,FUR-CH-10002602,Not,Late,135.882,1,24.1568,111.7252,153
355,CA-2016-138520,2016-08-04,2016-08-04,2,JL-15505,10035,4,FUR-BO-10002268,Not,On-Time,388.704,6,-4.8588,393.5628,0
363,CA-2017-144904,2017-09-25,2017-09-25,2,KW-16435,10009,4,FUR-CH-10000785,Not,On-Time,488.646,3,86.8704,401.7756,0
370,CA-2016-155516,2016-10-21,2016-10-21,4,MK-17905,6040,4,FUR-BO-10002545,Not,On-Time,1043.92,4,271.4192,772.5008,0
400,CA-2016-108987,2016-08-09,2016-10-09,1,AG-10675,77036,3,FUR-BO-10004834,Not,Late,2396.2656,4,-317.1528,2713.4184,61
416,CA-2017-142636,2017-03-11,2017-07-11,2,KC-16675,98105,2,FUR-CH-10001891,Not,Late,307.136,4,26.8744,280.2616,122
425,CA-2017-155705,2017-08-21,2017-08-23,1,NF-18385,39212,1,FUR-CH-10000015,Not,On-Time,866.4,4,225.264,641.136,2
457,US-2014-110674,2014-12-02,2014-12-02,2,SC-20095,94521,2,FUR-CH-10000225,Not,On-Time,129.568,2,-24.294,153.862,0
458,US-2016-157945,2016-09-26,2016-09-26,2,NF-18385,62521,3,FUR-CH-10002331,Not,On-Time,747.558,3,-96.1146,843.6726,0
469,CA-2017-154907,2017-03-31,2017-04-04,2,DS-13180,79109,3,FUR-BO-10002824,Not,On-Time,205.3328,2,-36.2352,241.568,4
473,CA-2014-144666,2014-09-11,2014-11-11,1,JP-15520,94110,2,FUR-BO-10001601,Not,Late,222.666,2,10.4784,212.1876,61
486,CA-2017-140963,2017-10-06,2017-10-06,3,MT-18070,90045,2,FUR-BO-10001337,Yes,On-Time,514.165,5,-30.245,544.41,0
499,CA-2016-126158,2016-07-25,2016-07-31,2,SC-20095,92627,2,FUR-CH-10002602,Not,Late,241.568,2,18.1176,223.4504,6
503,US-2016-105578,2016-05-30,2016-05-30,2,MY-17380,80134,2,FUR-CH-10001215,Yes,On-Time,801.568,2,50.098,751.47,0
532,CA-2015-102848,2015-07-11,2015-09-11,1,KB-16240,90036,2,FUR-CH-10000595,Not,Late,190.72,1,11.92,178.8,62
540,CA-2015-134894,2015-07-12,2015-11-12,2,DK-12985,42420,1,FUR-CH-10002647,Not,Late,283.92,4,70.98,212.94,123
552,CA-2016-136406,2016-04-15,2016-04-17,1,BD-11320,94110,2,FUR-CH-10002024,Not,On-Time,1121.568,2,0,1121.568,2
636,CA-2015-168004,2015-04-10,2015-09-10,1,DJ-13420,31088,1,FUR-CH-10001482,Not,Late,392.94,3,43.2234,349.7166,153
658,US-2016-156097,2016-09-19,2016-09-19,4,EH-14125,60505,3,FUR-CH-10001215,Not,On-Time,701.372,2,-50.098,751.47,0
689,CA-2017-161480,2017-12-25,2017-12-29,2,RA-19285,10035,4,FUR-BO-10004015,Not,On-Time,191.984,2,4.7996,187.1844,4
709,CA-2014-112158,2014-02-12,2014-04-12,3,DP-13165,10035,4,FUR-BO-10003272,Not,Late,883.92,5,-110.49,994.41,59
778,CA-2015-144267,2015-08-21,2015-08-23,3,NZ-18565,94110,2,FUR-CH-10002335,Yes,On-Time,544.008,3,40.8006,503.2074,2
800,CA-2015-101910,2015-11-27,2015-11-27,2,CD-11920,92530,2,FUR-CH-10002647,Yes,On-Time,283.92,5,17.745,266.175,0
820,CA-2014-140858,2014-06-28,2014-06-28,2,CA-12775,19140,4,FUR-CH-10001394,Not,On-Time,1228.465,5,0,1228.465,0
830,CA-2017-129462,2017-06-16,2017-06-21,1,JE-15745,41042,1,FUR-CH-10000665,Not,Late,301.96,2,90.588,211.372,5
842,CA-2015-100454,2015-11-20,2015-11-25,2,BM-11650,10035,4,FUR-BO-10001519,Not,On-Time,186.048,4,9.3024,176.7456,5
848,CA-2015-114300,2015-10-13,2015-10-17,2,AF-10885,40214,1,FUR-CH-10001891,Not,On-Time,287.94,3,77.7438,210.1962,4
984,CA-2014-163419,2014-11-11,2014-11-14,1,TZ-21580,80027,2,FUR-CH-10000665,Not,On-Time,603.92,5,75.49,528.43,3
1022,CA-2015-124450,2015-04-27,2015-04-27,2,GT-14710,20016,4,FUR-CH-10000309,Not,On-Time,1267.53,3,316.8825,950.6475,0
1043,CA-2016-102981,2016-06-09,2016-09-09,1,MO-17500,10035,4,FUR-BO-10001811,Not,Late,722.352,3,90.294,632.058,92
1046,CA-2017-152702,2017-12-10,2017-12-10,2,SN-20710,61107,3,FUR-CH-10002304,Not,On-Time,254.604,14,-18.186,272.79,0
1068,CA-2016-157686,2016-01-10,2016-02-10,3,BD-11620,94122,2,FUR-CH-10001146,Not,Late,194.848,4,12.178,182.67,31
1115,CA-2017-140585,2017-12-18,2017-12-23,1,RA-19915,92024,2,FUR-BO-10002206,Yes,Late,119.833,1,-12.6882,132.5212,5
1127,US-2014-147627,2014-01-20,2014-01-26,2,HL-15040,72401,1,FUR-CH-10002331,Not,Late,1067.94,3,224.2674,843.6726,6
1159,CA-2016-149314,2016-02-07,2016-07-07,1,GB-14530,90004,2,FUR-CH-10002126,Not,Late,195.184,1,19.5184,175.6656,151
1178,CA-2016-113621,2016-01-12,2016-05-12,2,JE-15745,20852,4,FUR-CH-10001270,Not,Late,172.5,2,51.75,120.75,121
1201,CA-2016-114727,2016-07-18,2016-07-24,2,LS-16945,80219,2,FUR-CH-10002335,Yes,Late,544.008,3,40.8006,503.2074,6
1203,CA-2016-114727,2016-07-18,2016-07-24,2,LS-16945,80219,2,FUR-CH-10002331,Yes,Late,854.352,3,10.6794,843.6726,6
1212,CA-2016-137050,2016-07-14,2016-07-18,1,SW-20755,10009,4,FUR-BO-10004695,Not,Late,579.136,4,21.7176,557.4184,4
1248,CA-2014-168494,2014-12-12,2014-12-14,1,NP-18700,93727,2,FUR-BO-10004467,Not,On-Time,254.9745,3,11.9988,242.9757,2
1250,CA-2017-115602,2017-12-18,2017-12-24,2,DJ-13630,10009,4,FUR-CH-10001708,Not,Late,1141.938,9,139.5702,1002.3678,6
1268,US-2014-167738,2014-12-24,2014-12-29,2,JC-16105,90045,2,FUR-CH-10001146,Not,On-Time,292.272,6,18.267,274.005,5
1275,CA-2016-119186,2016-05-26,2016-05-26,4,MS-17710,76106,3,FUR-CH-10001973,Not,On-Time,388.43,5,-88.784,477.214,0
1303,CA-2015-115847,2015-09-19,2015-09-24,1,TC-21535,22204,1,FUR-BO-10003433,Not,Late,61.96,2,4.3372,57.6228,5
1370,US-2015-103471,2015-12-24,2015-12-28,2,JR-15670,80906,2,FUR-BO-10002613,Not,On-Time,590.058,7,-786.744,1376.802,4
1387,US-2016-108504,2016-05-02,2016-05-02,4,PP-18955,30080,1,FUR-BO-10004015,Not,On-Time,239.98,2,52.7956,187.1844,0
1412,CA-2016-136329,2016-09-07,2016-09-07,2,JD-15895,10035,4,FUR-CH-10002335,Not,On-Time,408.006,2,72.5344,335.4716,0
1434,CA-2014-120768,2014-12-19,2014-12-21,1,IM-15070,35630,1,FUR-CH-10000513,Not,On-Time,1819.86,14,163.7874,1656.0726,2
1439,CA-2015-139731,2015-10-15,2015-10-15,4,JE-15745,79109,3,FUR-CH-10002024,Yes,On-Time,2453.43,5,-350.49,2803.92,0
1464,CA-2016-152289,2016-08-26,2016-08-28,3,LC-16930,77506,3,FUR-CH-10002126,Not,On-Time,1024.716,6,-29.2776,1053.9936,2
1469,CA-2017-139199,2017-09-12,2017-12-13,2,DK-12835,48234,3,FUR-CH-10000847,Not,Late,872.94,3,226.9644,645.9756,92
1493,CA-2017-166436,2017-11-24,2017-11-28,2,TS-21370,10035,4,FUR-CH-10000785,Not,On-Time,977.292,6,173.7408,803.5512,4
1535,CA-2017-124086,2017-10-02,2017-10-02,2,MP-18175,92677,2,FUR-BO-10004015,Not,On-Time,203.983,2,16.7986,187.1844,0
1540,CA-2017-121888,2017-09-15,2017-09-17,1,CL-11890,2149,4,FUR-BO-10002545,Not,On-Time,782.94,3,203.5644,579.3756,2
1546,CA-2014-150245,2014-12-31,2015-04-01,1,PC-18745,13601,4,FUR-BO-10002613,Not,Late,1573.488,7,196.686,1376.802,91
1571,US-2014-157385,2014-11-23,2014-11-25,3,SC-20095,90004,2,FUR-CH-10000863,Not,On-Time,603.92,5,-67.941,671.861,2
1574,US-2014-157385,2014-11-23,2014-11-25,3,SC-20095,90004,2,FUR-CH-10000595,Not,On-Time,381.44,2,23.84,357.6,2
1595,CA-2015-118423,2015-03-24,2015-03-27,3,DP-13390,61604,3,FUR-BO-10000362,Not,Late,359.058,3,-35.9058,394.9638,3
1611,CA-2014-156349,2014-05-26,2014-05-30,2,ML-17395,90008,2,FUR-BO-10000362,Yes,On-Time,290.666,2,27.3568,263.3092,4
1715,CA-2017-104003,2017-07-10,2017-10-13,2,DC-13285,94110,2,FUR-BO-10003965,Not,Late,307.666,2,-14.4784,322.1444,95
1724,US-2015-123218,2015-12-20,2015-12-25,2,KD-16345,60623,3,FUR-BO-10003966,Not,On-Time,359.058,3,-71.8116,430.8696,5
1792,CA-2014-120474,2014-01-12,2014-03-12,3,RP-19390,53711,3,FUR-CH-10001854,Not,Late,2807.84,8,673.8816,2133.9584,59
1833,CA-2015-131422,2015-05-11,2015-09-11,2,GB-14530,28110,1,FUR-CH-10001270,Not,Late,207,3,25.875,181.125,123
1842,CA-2016-157763,2016-07-18,2016-07-23,2,KH-16330,42104,1,FUR-CH-10000988,Not,On-Time,140.81,1,39.4268,101.3832,5
1848,CA-2017-128370,2017-10-09,2017-10-09,4,FH-14275,90004,2,FUR-CH-10002602,Not,On-Time,362.352,3,27.1764,335.1756,0
1861,US-2017-121251,2017-03-26,2017-03-27,3,GM-14440,10009,4,FUR-BO-10001918,Not,On-Time,257.568,2,-28.9764,286.5444,1
1872,CA-2014-116932,2014-07-21,2014-07-25,2,ME-18010,94122,2,FUR-CH-10001215,Not,On-Time,801.568,2,50.098,751.47,4
1876,US-2016-112977,2016-10-03,2016-10-03,2,CJ-12010,11561,4,FUR-BO-10003272,Not,On-Time,176.784,1,-22.098,198.882,0
1882,CA-2015-109512,2015-05-03,2015-05-03,4,LF-17185,10011,4,FUR-CH-10001146,Not,On-Time,383.607,7,63.9345,319.6725,0
1904,CA-2017-167094,2017-10-21,2017-10-22,3,DK-12835,97477,2,FUR-CH-10000155,Not,On-Time,478.48,2,47.848,430.632,1
1933,CA-2017-161200,2017-06-08,2017-10-08,1,SV-20365,70506,1,FUR-BO-10000468,Not,Late,145.74,3,23.3184,122.4216,122
2004,CA-2017-163510,2017-12-25,2017-12-28,1,JW-15955,40214,1,FUR-CH-10001146,Not,On-Time,304.45,5,76.1125,228.3375,3
2008,CA-2017-165386,2017-03-08,2017-04-08,3,CM-12190,60623,3,FUR-BO-10003034,Not,Late,183.372,2,-36.6744,220.0464,31
2014,CA-2016-145905,2016-09-18,2016-09-23,2,AM-10705,36830,1,FUR-CH-10001854,Not,On-Time,350.98,1,84.2352,266.7448,5
2026,CA-2015-114237,2015-03-13,2015-03-15,3,MC-17275,98103,2,FUR-BO-10004409,Not,On-Time,141.96,2,39.7488,102.2112,2
2057,CA-2017-120376,2017-12-22,2017-12-25,3,TP-21130,48227,3,FUR-CH-10002335,Not,Late,1586.69,7,412.5394,1174.1506,3
2103,CA-2014-123295,2014-07-18,2014-07-18,4,AH-10120,85705,2,FUR-CH-10002372,Not,On-Time,259.136,4,-25.9136,285.0496,0
2116,CA-2015-164882,2015-10-31,2015-10-31,4,SG-20080,92374,2,FUR-BO-10002213,Yes,On-Time,425.833,1,20.0392,405.7938,0
2123,CA-2017-167381,2017-09-22,2017-09-24,1,EH-14005,48911,3,FUR-BO-10001972,Not,On-Time,241.96,2,41.1332,200.8268,2
2151,US-2017-139969,2017-11-19,2017-11-26,2,AF-10870,77840,3,FUR-CH-10001973,Not,Late,233.058,3,-53.2704,286.3284,7
2182,CA-2016-128818,2016-07-05,2016-11-05,2,CJ-12010,10009,4,FUR-CH-10002084,Not,Late,442.764,4,59.0352,383.7288,123
2217,CA-2017-129378,2017-01-10,2017-02-10,3,NS-18505,95123,2,FUR-CH-10000553,Not,Late,108.608,4,9.5032,99.1048,31
2226,CA-2016-106383,2016-03-19,2016-03-21,1,BT-11440,80122,2,FUR-BO-10002202,Not,On-Time,72.294,1,-98.8018,171.0958,2
2258,CA-2017-105214,2017-06-16,2017-06-19,3,TS-21610,94122,2,FUR-CH-10000015,Not,Late,1212.96,7,90.972,1121.988,3
2263,CA-2017-122994,2017-06-02,2017-09-02,3,MV-17485,22204,1,FUR-BO-10004015,Not,Late,359.97,3,79.1934,280.7766,92
2276,CA-2014-157882,2014-03-10,2014-08-10,1,AR-10405,90036,2,FUR-CH-10002774,Not,Late,122.352,3,13.7646,108.5874,153
2282,CA-2017-142622,2017-10-30,2017-10-30,3,JK-15625,98115,2,FUR-BO-10004467,Not,On-Time,199.98,2,37.9962,161.9838,0
2304,CA-2017-157931,2017-09-17,2017-09-22,1,MO-17800,30076,1,FUR-CH-10000785,Not,Late,723.92,4,188.2192,535.7008,5
2306,CA-2016-115574,2016-12-23,2016-12-24,3,BP-11185,60623,3,FUR-BO-10003441,Not,On-Time,141.372,2,-14.1372,155.5092,1
2309,US-2017-120418,2017-11-06,2017-12-06,3,BC-11125,85345,2,FUR-CH-10001394,Not,Late,280.792,1,35.099,245.693,30
2327,CA-2015-105102,2015-09-15,2015-09-19,1,BM-11575,10035,4,FUR-BO-10004709,Not,Late,46.384,1,1.1596,45.2244,4
2354,CA-2015-111514,2015-08-31,2015-08-31,3,SC-20260,94122,2,FUR-BO-10002545,Not,On-Time,1552.831,7,200.9546,1351.8764,0
2367,CA-2014-102295,2014-11-24,2014-11-26,1,EH-13990,95823,2,FUR-CH-10001714,Not,On-Time,120.712,1,-18.1068,138.8188,2
2404,US-2016-110170,2016-09-27,2016-09-27,2,HM-14860,77340,3,FUR-BO-10000780,Not,On-Time,956.6648,7,-225.0976,1181.7624,0
2415,CA-2016-156300,2016-12-29,2017-02-01,2,TB-21595,53209,3,FUR-CH-10001714,Not,Late,754.45,5,60.356,694.094,34
2416,CA-2015-146087,2015-06-07,2015-11-07,2,PP-18955,1040,4,FUR-BO-10002824,Not,Late,301.96,2,60.392,241.568,153
2433,CA-2014-148586,2014-03-25,2014-03-25,2,AZ-10750,10009,4,FUR-CH-10002439,Not,On-Time,366.786,7,65.2064,301.5796,0
2448,CA-2016-119165,2016-10-31,2016-10-31,2,BD-11320,19143,4,FUR-CH-10000988,Not,On-Time,492.835,5,-14.081,506.916,0
2472,US-2016-135923,2016-01-22,2016-01-28,2,CM-11935,28314,1,FUR-BO-10002213,Not,Late,451.136,4,-67.6704,518.8064,6
2474,CA-2016-114972,2016-03-11,2016-06-11,3,PF-19225,90032,2,FUR-CH-10001190,Not,Late,217.584,2,-29.9178,247.5018,92
2496,CA-2014-136644,2014-06-16,2014-06-22,2,SC-20575,46544,3,FUR-CH-10000225,Not,Late,647.84,8,32.392,615.448,6
2544,US-2016-114174,2016-08-09,2016-09-14,2,AP-10720,2148,4,FUR-BO-10003450,Not,Late,173.94,3,13.9152,160.0248,36
2547,CA-2017-108070,2017-04-16,2017-04-20,2,JE-15745,95123,2,FUR-BO-10001337,Not,On-Time,102.833,1,-6.049,108.882,4
2559,CA-2015-147788,2015-05-31,2015-05-31,2,TM-21010,84057,2,FUR-BO-10004357,Not,On-Time,1406.86,7,140.686,1266.174,0
2604,CA-2016-165848,2016-04-06,2016-04-06,4,EN-13780,10035,4,FUR-BO-10000362,Not,On-Time,136.784,1,5.1294,131.6546,0
2614,CA-2016-137204,2016-04-28,2016-05-05,2,BO-11350,90045,2,FUR-CH-10002304,Not,Late,41.568,2,2.598,38.97,7
2633,US-2017-110604,2017-05-15,2017-05-20,2,JF-15295,98103,2,FUR-CH-10002017,Not,On-Time,42.624,2,4.2624,38.3616,5
2641,CA-2017-108441,2017-12-06,2017-12-06,2,SB-20170,10035,4,FUR-CH-10000595,Not,On-Time,858.24,4,143.04,715.2,0
2651,US-2016-146794,2016-09-26,2016-09-26,2,SH-19975,92345,2,FUR-BO-10004467,Not,On-Time,424.9575,5,19.998,404.9595,0
2655,CA-2017-112515,2017-09-17,2017-09-21,1,AS-10225,84604,2,FUR-BO-10003404,Not,Late,1292.94,3,77.5764,1215.3636,4
2738,CA-2015-115798,2015-11-13,2015-11-19,2,KL-16645,19711,4,FUR-BO-10004467,Not,Late,299.97,3,56.9943,242.9757,6
2750,US-2014-141257,2014-08-06,2014-08-06,2,CS-11950,98115,2,FUR-CH-10002758,Not,On-Time,585.552,3,73.194,512.358,0
2752,CA-2014-158029,2014-05-26,2014-05-30,2,HF-14995,90008,2,FUR-CH-10000988,Not,On-Time,225.296,2,22.5296,202.7664,4
2778,CA-2015-138534,2015-07-17,2015-07-19,1,JM-15535,93309,2,FUR-BO-10003159,Not,On-Time,195.466,2,-13.7976,209.2636,2
2797,CA-2014-154599,2014-12-04,2014-12-04,2,KN-16450,90278,2,FUR-BO-10001337,Not,On-Time,308.499,3,-18.147,326.646,0
2806,CA-2015-122623,2015-07-09,2015-11-09,2,CC-12145,79907,3,FUR-CH-10000553,Not,Late,47.516,2,-2.0364,49.5524,123
2809,CA-2015-148635,2015-07-25,2015-07-27,1,MH-18025,98115,2,FUR-BO-10002213,Not,On-Time,704.9,5,56.392,648.508,2
2810,CA-2015-148635,2015-07-25,2015-07-27,1,MH-18025,98115,2,FUR-CH-10001854,Not,On-Time,561.568,2,28.0784,533.4896,2
2826,US-2014-112914,2014-09-25,2014-09-30,2,MT-18070,77041,3,FUR-BO-10003272,Not,On-Time,300.5328,2,-97.2312,397.764,5
2857,CA-2016-128594,2016-08-26,2016-08-29,3,DJ-13510,92037,2,FUR-CH-10001215,Not,Late,1603.136,4,100.196,1502.94,3
2858,CA-2016-154690,2016-08-15,2016-08-17,1,CC-12370,28314,1,FUR-CH-10000988,Not,On-Time,225.296,2,22.5296,202.7664,2
2861,CA-2017-138975,2017-05-19,2017-05-23,2,SC-20380,30318,1,FUR-BO-10004695,Not,On-Time,1628.82,9,374.6286,1254.1914,4
2872,CA-2014-148040,2014-03-22,2014-03-26,2,BF-11275,85705,2,FUR-CH-10001482,Not,On-Time,314.352,3,-35.3646,349.7166,4
2877,US-2016-167339,2016-01-21,2016-01-23,1,TD-20995,92037,2,FUR-CH-10000785,Not,On-Time,1013.488,7,76.0116,937.4764,2
2891,CA-2014-142727,2014-04-29,2014-04-29,1,HG-14845,70601,1,FUR-CH-10002304,Not,On-Time,51.96,2,12.99,38.97,0
2933,CA-2015-168564,2015-08-08,2015-08-08,4,TT-21220,94109,2,FUR-CH-10000785,Yes,On-Time,144.784,1,10.8588,133.9252,0
2941,CA-2017-155880,2017-03-25,2017-03-31,2,JD-16150,53209,3,FUR-CH-10000422,Not,Late,90.99,1,14.5584,76.4316,6
2957,CA-2017-123638,2017-06-27,2017-06-27,2,MA-17995,13601,4,FUR-CH-10002647,Not,On-Time,191.646,3,31.941,159.705,0
2963,CA-2017-137428,2017-12-16,2017-12-21,1,AY-10555,92054,2,FUR-CH-10002774,Yes,Late,81.568,2,9.1764,72.3916,5
2977,CA-2017-139773,2017-04-12,2017-04-12,4,DV-13045,19143,4,FUR-CH-10001797,Not,On-Time,188.552,7,-2.6936,191.2456,0
2979,CA-2014-109232,2014-01-13,2014-01-16,1,ND-18370,29464,1,FUR-CH-10000422,Not,On-Time,545.94,6,87.3504,458.5896,3
2982,CA-2014-131310,2014-12-07,2014-12-07,2,CL-12565,98115,2,FUR-CH-10001797,Not,On-Time,123.136,4,13.8528,109.2832,0
3024,CA-2017-124674,2017-11-17,2017-11-23,2,JB-16000,78521,3,FUR-BO-10002202,Not,Late,327.7328,2,-14.4588,342.1916,6
3031,CA-2015-168480,2015-09-21,2015-09-27,2,DM-12955,48146,3,FUR-BO-10000468,Yes,Late,194.32,4,31.0912,163.2288,6
3044,CA-2017-149559,2017-11-09,2017-12-09,4,KF-16285,90805,2,FUR-CH-10002320,Not,Late,2054.272,8,256.784,1797.488,30
3075,CA-2015-126137,2015-03-10,2015-08-10,2,BS-11755,90032,2,FUR-BO-10004409,Not,Late,120.666,2,18.4548,102.2112,153
3099,CA-2017-135692,2017-04-27,2017-04-27,2,CV-12805,76106,3,FUR-BO-10002268,Yes,On-Time,220.2656,4,-42.1096,262.3752,0
3103,CA-2017-119578,2017-12-22,2017-12-27,1,JG-15310,2908,4,FUR-BO-10003660,Not,Late,220.98,1,50.8254,170.1546,5
3116,CA-2016-150350,2016-08-23,2016-08-30,2,MS-17770,98105,2,FUR-CH-10001973,Not,Late,532.704,6,-39.9528,572.6568,7
3130,CA-2014-136399,2014-12-16,2014-12-17,3,CC-12100,90049,2,FUR-CH-10002602,Not,On-Time,241.568,2,18.1176,223.4504,1
3145,US-2016-148110,2016-05-09,2016-11-09,2,AR-10825,78745,3,FUR-CH-10002647,Not,Late,347.802,7,-24.843,372.645,184
3173,US-2016-133879,2016-03-21,2016-03-28,2,KT-16465,60623,3,FUR-CH-10000665,Not,Late,528.43,5,0,528.43,7
3176,US-2017-132059,2017-09-23,2017-09-29,2,AP-10915,80525,2,FUR-BO-10001811,Not,Late,180.588,2,-240.784,421.372,6
3245,CA-2017-113355,2017-01-12,2017-05-12,2,SJ-20215,75051,3,FUR-CH-10002602,Not,Late,317.058,3,-18.1176,335.1756,120
3273,CA-2015-146038,2015-09-02,2015-09-02,2,SJ-20215,90049,2,FUR-CH-10002774,Not,On-Time,203.92,5,22.941,180.979,0
3313,US-2014-133130,2014-09-27,2014-09-27,2,TH-21100,92037,2,FUR-CH-10002602,Not,On-Time,603.92,5,45.294,558.626,0
3315,CA-2017-169978,2017-12-24,2017-12-28,2,HG-15025,11572,4,FUR-CH-10002602,Not,On-Time,271.764,2,48.3136,223.4504,4
3352,US-2014-134733,2014-09-23,2014-09-28,2,BM-11650,92037,2,FUR-BO-10002916,Not,On-Time,435.999,3,20.5176,415.4814,5
3366,CA-2014-115161,2014-01-31,2014-02-02,3,LC-17050,92691,2,FUR-BO-10003966,Not,On-Time,290.666,2,3.4196,287.2464,2
3369,CA-2015-115511,2015-11-21,2015-11-25,2,NW-18400,89115,2,FUR-BO-10002598,Not,On-Time,141.96,2,41.1684,100.7916,4
3375,CA-2015-161718,2015-04-12,2015-10-12,2,SO-20335,11550,4,FUR-CH-10002372,Not,Late,364.41,5,8.098,356.312,183
3420,CA-2015-150791,2015-06-09,2015-09-13,2,CC-12430,10024,4,FUR-CH-10000665,Not,Late,271.764,2,60.392,211.372,96
3427,CA-2015-153381,2015-09-24,2015-09-28,2,DE-13255,52001,3,FUR-CH-10000988,Not,On-Time,1408.1,10,394.268,1013.832,4
3467,US-2015-147242,2015-10-09,2015-10-09,2,EH-13765,2151,4,FUR-BO-10004695,Not,On-Time,361.96,2,83.2508,278.7092,0
3474,CA-2017-111815,2017-03-03,2017-10-03,2,EP-13915,48127,3,FUR-CH-10000785,Not,Late,180.98,1,47.0548,133.9252,214
3496,CA-2017-142034,2017-09-24,2017-09-28,2,KB-16240,56301,3,FUR-CH-10000665,Not,On-Time,603.92,4,181.176,422.744,4
3508,CA-2014-166863,2014-06-20,2014-06-24,2,SC-20020,75023,3,FUR-BO-10001608,Not,On-Time,193.0656,4,-19.8744,212.94,4
3543,CA-2016-157511,2016-09-18,2016-09-20,3,SV-20365,43229,4,FUR-CH-10002647,Not,On-Time,99.372,2,-7.098,106.47,2
3549,CA-2017-155292,2017-10-30,2017-10-30,3,RD-19810,40475,1,FUR-CH-10000553,Not,On-Time,33.94,1,9.1638,24.7762,0
3625,CA-2017-113530,2017-05-19,2017-05-21,1,BC-11125,94109,2,FUR-CH-10002647,Not,On-Time,681.408,12,42.588,638.82,2
3716,CA-2014-135608,2014-08-12,2014-10-12,1,JK-15625,98502,2,FUR-CH-10002602,Not,Late,603.92,5,45.294,558.626,61
3747,CA-2016-149979,2016-09-23,2016-09-28,1,RA-19915,31907,1,FUR-CH-10002084,Not,Late,368.97,3,81.1734,287.7966,5
3763,CA-2016-156251,2016-08-13,2016-08-18,1,TS-21160,53214,3,FUR-BO-10001337,Not,Late,241.96,2,24.196,217.764,5
3769,CA-2014-153913,2014-12-16,2014-12-20,1,KB-16585,33012,1,FUR-CH-10000988,Not,Late,1013.832,9,101.3832,912.4488,4
3821,CA-2017-141873,2017-09-10,2017-10-14,2,HG-14845,10024,4,FUR-BO-10003034,Not,Late,314.352,3,-15.7176,330.0696,34
3829,CA-2017-141733,2017-07-05,2017-11-05,2,RW-19540,48234,3,FUR-CH-10002017,Not,Late,26.64,1,7.4592,19.1808,123
3830,CA-2017-141733,2017-07-05,2017-11-05,2,RW-19540,48234,3,FUR-CH-10000595,Not,Late,476.8,2,119.2,357.6,123
3835,CA-2014-105984,2014-11-24,2014-11-24,4,MY-18295,43229,4,FUR-CH-10000847,Not,On-Time,611.058,3,-34.9176,645.9756,0
3846,CA-2014-101931,2014-10-28,2014-10-31,3,TS-21370,90049,2,FUR-BO-10001337,Not,Late,616.998,6,-36.294,653.292,3
3892,US-2016-163881,2016-11-24,2016-11-30,2,SP-20860,90036,2,FUR-CH-10001394,Not,Late,1684.752,6,210.594,1474.158,6
3911,CA-2015-167010,2015-05-04,2015-10-04,2,VT-21700,19143,4,FUR-BO-10004218,Not,Late,352.45,5,-211.47,563.92,153
3919,US-2017-142573,2017-07-18,2017-07-23,2,ML-17410,85023,2,FUR-CH-10000513,Not,On-Time,311.976,3,-42.8967,354.8727,5
3929,CA-2016-162082,2016-03-14,2016-03-17,3,JS-15880,78550,3,FUR-BO-10004409,Not,Late,241.332,5,-14.196,255.528,3
3939,CA-2015-118955,2015-06-16,2015-06-20,2,LS-17230,75051,3,FUR-CH-10001708,Not,On-Time,197.372,2,-25.3764,222.7484,4
3986,CA-2016-108735,2016-04-17,2016-04-21,2,JM-15535,90712,2,FUR-BO-10003441,Not,On-Time,257.499,3,24.2352,233.2638,4
3995,CA-2015-105627,2015-08-03,2015-12-03,2,DK-12895,53142,3,FUR-BO-10002916,Not,Late,512.94,3,97.4586,415.4814,122
3996,CA-2015-105627,2015-08-03,2015-12-03,2,DK-12895,53142,3,FUR-CH-10002084,Not,Late,860.93,7,189.4046,671.5254,122
4000,US-2015-149629,2015-07-17,2015-07-20,1,MP-17965,34952,1,FUR-BO-10004709,Not,On-Time,231.92,5,5.798,226.122,3
4023,CA-2014-154963,2014-06-22,2014-06-27,2,AA-10645,19013,4,FUR-CH-10000454,Not,On-Time,853.93,5,0,853.93,5
4024,CA-2017-130764,2017-10-27,2017-10-28,3,JO-15145,94110,2,FUR-BO-10003034,Not,On-Time,556.665,5,6.549,550.116,1
4031,CA-2017-124296,2017-12-24,2017-12-28,2,CS-12355,70506,1,FUR-CH-10002439,Not,On-Time,232.88,4,60.5488,172.3312,4
4051,CA-2017-136350,2017-06-24,2017-06-26,1,GA-14515,10011,4,FUR-CH-10001891,Not,On-Time,172.764,2,32.6332,140.1308,2
4060,CA-2015-124058,2015-11-20,2015-11-24,2,LC-16885,94601,2,FUR-CH-10000595,Yes,On-Time,572.16,3,35.76,536.4,4
4072,CA-2016-145303,2016-08-28,2016-08-31,3,TP-21415,75081,3,FUR-BO-10003159,Not,Late,156.3728,2,-52.8908,209.2636,3
4089,US-2014-156559,2014-08-19,2014-08-26,2,LH-16900,72401,1,FUR-BO-10000711,Not,Late,638.82,9,172.4814,466.3386,7
4146,CA-2017-112725,2017-01-30,2017-06-02,2,EH-14125,94110,2,FUR-CH-10000863,Yes,Late,120.784,1,-13.5882,134.3722,123
4169,CA-2014-157924,2014-11-10,2014-11-10,3,HA-14920,91104,2,FUR-CH-10000229,Yes,On-Time,433.568,2,-65.0352,498.6032,0
4209,CA-2014-145387,2014-10-31,2014-10-31,1,AM-10705,2920,4,FUR-CH-10002320,Not,On-Time,1604.9,5,481.47,1123.43,0
4218,CA-2017-149881,2017-01-04,2017-03-04,3,NC-18535,94110,2,FUR-BO-10003894,Not,Late,482.664,8,85.176,397.488,59
4224,CA-2017-134565,2017-11-06,2017-11-06,1,TB-21400,98103,2,FUR-BO-10001519,Not,On-Time,174.42,3,41.8608,132.5592,0
4251,CA-2014-168130,2014-09-19,2014-09-19,4,BS-11365,10011,4,FUR-CH-10000988,Not,On-Time,887.103,7,177.4206,709.6824,0
4267,US-2016-131611,2016-05-11,2016-09-11,2,EP-13915,77036,3,FUR-BO-10000780,Not,Late,956.6648,7,-225.0976,1181.7624,123
4282,CA-2014-166989,2014-11-14,2014-11-18,2,RM-19675,10011,4,FUR-CH-10001797,Not,On-Time,69.264,2,14.6224,54.6416,4
4285,CA-2015-105690,2015-11-21,2015-11-26,1,CA-11965,77642,3,FUR-BO-10003965,Not,Late,246.1328,2,-76.0116,322.1444,5
4347,CA-2016-120355,2016-09-18,2016-09-25,2,MM-17260,10801,4,FUR-CH-10001394,Not,Late,631.782,2,140.396,491.386,7
4384,US-2015-122784,2015-07-20,2015-07-27,2,RA-19915,60035,3,FUR-BO-10004690,Not,Late,384.944,4,-126.4816,511.4256,7
4386,US-2015-122784,2015-07-20,2015-07-27,2,RA-19915,60035,3,FUR-BO-10002545,Not,Late,913.43,5,-52.196,965.626,7
4390,CA-2017-111556,2017-11-20,2017-11-22,3,CD-11920,10035,4,FUR-BO-10003159,Yes,On-Time,183.968,2,-25.2956,209.2636,2
4424,CA-2017-159464,2017-05-18,2017-05-19,3,TB-21355,30328,1,FUR-BO-10003546,Not,On-Time,302.94,3,75.735,227.205,1
4456,US-2015-146745,2015-03-09,2015-08-09,2,AS-10630,94110,2,FUR-CH-10002372,Not,Late,129.568,2,-12.9568,142.5248,153
4469,CA-2017-168641,2017-11-24,2017-11-24,2,KA-16525,10035,4,FUR-BO-10000780,Not,On-Time,321.568,2,-16.0784,337.6464,0
4495,CA-2014-150798,2014-01-12,2014-03-12,1,JK-15730,43229,4,FUR-CH-10000015,Not,Late,909.72,6,-51.984,961.704,59
4515,CA-2016-120873,2016-10-27,2016-10-27,1,BW-11200,23666,1,FUR-CH-10000847,Yes,On-Time,290.98,1,75.6548,215.3252,0
4531,CA-2016-118759,2016-11-14,2016-11-17,3,MB-17305,10009,4,FUR-CH-10002335,Not,Late,408.006,2,72.5344,335.4716,3
4533,CA-2014-140403,2014-10-10,2014-10-10,4,TN-21040,95336,2,FUR-CH-10002774,Not,On-Time,122.352,3,13.7646,108.5874,0
4560,CA-2014-110219,2014-05-05,2014-08-05,3,EB-13870,78207,3,FUR-CH-10001146,Not,Late,127.869,3,-9.1335,137.0025,92
4619,CA-2015-117800,2015-09-21,2015-09-26,2,TH-21550,2149,4,FUR-CH-10000785,Not,On-Time,542.94,3,141.1644,401.7756,5
4643,CA-2017-130141,2017-10-22,2017-10-24,1,HA-14905,80525,2,FUR-CH-10000749,Not,On-Time,579.136,4,-28.9568,608.0928,2
4646,CA-2016-143910,2016-12-08,2016-12-08,2,BC-11125,10011,4,FUR-CH-10000225,Not,On-Time,145.764,2,-8.098,153.862,0
4670,US-2017-133200,2017-06-05,2017-11-05,2,DB-13555,76106,3,FUR-BO-10001601,Not,Late,623.4648,7,-119.1918,742.6566,153
4685,CA-2016-159912,2016-08-29,2016-08-29,2,GB-14530,19120,4,FUR-BO-10002853,Not,On-Time,163.88,4,-81.94,245.82,0
4728,CA-2014-119151,2014-11-25,2014-11-29,1,MP-18175,10009,4,FUR-BO-10003159,Not,Late,275.952,3,-37.9434,313.8954,4
4735,CA-2016-120530,2016-07-04,2016-12-04,2,Dl-13600,10035,4,FUR-CH-10000454,Not,Late,658.746,3,146.388,512.358,153
4753,CA-2017-103499,2017-11-20,2017-11-24,2,ES-14020,38301,1,FUR-CH-10001482,Not,On-Time,209.568,2,-23.5764,233.1444,4
4781,CA-2014-159310,2014-07-11,2014-12-11,2,SC-20725,77070,3,FUR-CH-10002758,Not,Late,683.144,4,0,683.144,153
4786,CA-2015-104346,2015-11-12,2015-12-16,2,IM-15070,80906,2,FUR-BO-10003450,Not,Late,69.576,4,-143.7904,213.3664,34
4812,CA-2016-121370,2016-11-14,2016-11-19,1,EB-14110,19134,4,FUR-CH-10000785,Not,Late,380.058,3,-21.7176,401.7756,5
4851,CA-2014-107818,2014-08-09,2014-09-14,2,MC-17275,99301,2,FUR-CH-10000454,Not,Late,975.92,5,121.99,853.93,36
4866,CA-2017-122490,2017-11-13,2017-11-18,2,TT-21070,98103,2,FUR-CH-10001215,Not,On-Time,2404.704,6,150.294,2254.41,5
4881,CA-2017-143567,2017-02-11,2017-05-11,1,TB-21175,42420,1,FUR-CH-10000454,Not,Late,975.92,4,292.776,683.144,89
4919,CA-2016-160304,2016-02-01,2016-07-01,2,BM-11575,20877,4,FUR-BO-10004709,Not,Late,173.94,3,38.2668,135.6732,151
4929,CA-2017-143245,2017-01-12,2017-06-12,2,AD-10180,6824,4,FUR-CH-10000155,Not,Late,897.15,3,251.202,645.948,151
4939,CA-2014-157147,2014-01-13,2014-01-18,2,BD-11605,94109,2,FUR-BO-10003034,Not,On-Time,333.999,3,3.9294,330.0696,5
4941,CA-2015-156482,2015-06-02,2015-06-02,2,IL-15100,19805,4,FUR-CH-10001708,Not,On-Time,1268.82,9,266.4522,1002.3678,0
4942,CA-2015-156482,2015-06-02,2015-06-02,2,IL-15100,19805,4,FUR-BO-10002598,Not,On-Time,283.92,4,82.3368,201.5832,0
4970,CA-2015-122406,2015-02-08,2015-05-08,1,BE-11455,2908,4,FUR-CH-10001973,Not,Late,110.98,1,15.5372,95.4428,89
4971,US-2016-153815,2016-06-11,2016-09-11,3,KL-16555,32216,1,FUR-CH-10000513,Not,Late,207.984,2,-28.5978,236.5818,92
5012,US-2017-139647,2017-11-05,2017-11-05,3,TS-21370,85023,2,FUR-BO-10004467,Not,On-Time,209.979,7,-356.9643,566.9433,0
5035,CA-2015-103954,2015-09-08,2015-09-08,1,HR-14770,53209,3,FUR-BO-10004690,Not,On-Time,687.4,5,48.118,639.282,0
5080,US-2017-133312,2017-11-25,2017-11-29,2,BD-11500,94122,2,FUR-BO-10002213,Not,On-Time,359.499,3,-29.6058,389.1048,4
5106,CA-2014-116568,2014-12-14,2014-12-20,2,BM-11785,32725,1,FUR-CH-10002439,Not,Late,186.304,4,13.9728,172.3312,6
5142,CA-2016-111213,2016-01-04,2016-05-04,2,FP-14320,10009,4,FUR-CH-10000454,Not,Late,1317.492,6,292.776,1024.716,121
5158,CA-2017-163006,2017-06-30,2017-06-30,1,GH-14410,60653,3,FUR-CH-10000229,Not,On-Time,569.058,3,-178.8468,747.9048,0
5162,CA-2014-111192,2014-07-30,2014-07-30,2,TS-21430,98103,2,FUR-BO-10002916,Not,On-Time,1367.84,8,259.8896,1107.9504,0
5163,CA-2016-115378,2016-11-18,2016-11-23,1,AJ-10945,48180,3,FUR-CH-10000863,Not,Late,301.96,2,33.2156,268.7444,5
5171,CA-2016-122903,2016-05-27,2016-05-29,1,LA-16780,48205,3,FUR-CH-10002024,Not,On-Time,3504.9,5,700.98,2803.92,2
5176,CA-2017-106432,2017-10-19,2017-10-24,2,CA-12265,76706,3,FUR-BO-10004360,Not,On-Time,328.3992,3,-91.7586,420.1578,5
5189,CA-2015-115567,2015-09-13,2015-09-18,2,ZC-21910,47201,3,FUR-CH-10000015,Not,On-Time,1516.2,7,394.212,1121.988,5
5221,CA-2014-140487,2014-06-14,2014-06-20,2,SR-20425,48234,3,FUR-BO-10000711,Not,Late,212.94,3,57.4938,155.4462,6
5228,CA-2016-119865,2016-06-21,2016-06-26,2,AS-10090,10011,4,FUR-BO-10003272,Not,On-Time,353.568,2,-44.196,397.764,5
5238,CA-2014-166744,2014-09-20,2014-09-24,2,DN-13690,21044,4,FUR-BO-10001337,Yes,On-Time,362.94,3,36.294,326.646,4
5255,CA-2015-125185,2015-05-03,2015-07-03,1,AH-10195,18018,4,FUR-CH-10002647,Not,Late,99.372,2,-7.098,106.47,61
5275,CA-2015-162887,2015-07-11,2015-09-11,1,SV-20785,5408,4,FUR-CH-10000595,Not,Late,715.2,3,178.8,536.4,62
5288,CA-2017-105991,2017-05-05,2017-06-05,3,LH-17020,80027,2,FUR-BO-10004467,Not,Late,89.991,3,-152.9847,242.9757,31
5304,US-2014-139500,2014-11-16,2014-11-20,2,AB-10165,62521,3,FUR-CH-10002017,Not,On-Time,37.296,2,-1.0656,38.3616,4
5316,CA-2016-154060,2016-02-05,2016-08-05,2,DL-12865,27405,1,FUR-CH-10002304,Not,Late,187.056,9,11.691,175.365,182
5355,CA-2014-113768,2014-05-13,2014-05-19,2,AH-10030,90004,2,FUR-CH-10002439,Not,Late,279.456,6,20.9592,258.4968,6
5395,US-2014-123183,2014-11-19,2014-11-25,2,GR-14560,19805,4,FUR-BO-10000362,Not,Late,1025.88,6,235.9524,789.9276,6
5400,CA-2016-117681,2016-09-04,2016-09-04,2,HF-14995,90004,2,FUR-BO-10001798,Not,On-Time,556.665,5,6.549,550.116,0
5428,US-2016-108497,2016-06-14,2016-06-14,4,MH-17290,90036,2,FUR-BO-10004218,Not,On-Time,599.165,5,35.245,563.92,0
5466,CA-2014-146591,2014-01-19,2014-01-20,3,TS-21340,85254,2,FUR-BO-10001972,Not,On-Time,181.47,5,-320.597,502.067,1
5468,CA-2016-122448,2016-09-06,2016-09-06,2,DB-13210,94109,2,FUR-CH-10002774,Not,On-Time,122.352,3,13.7646,108.5874,0
5469,CA-2014-132451,2014-09-26,2014-09-27,3,KF-16285,92105,2,FUR-CH-10000454,Not,On-Time,585.552,3,73.194,512.358,1
5474,CA-2017-116946,2017-12-19,2017-12-23,2,TS-21505,80134,2,FUR-BO-10000468,Not,On-Time,102.018,7,-183.6324,285.6504,4
5485,CA-2017-148999,2017-01-30,2017-04-02,2,EB-13870,33142,1,FUR-CH-10002044,Not,Late,419.136,4,-68.1096,487.2456,62
5495,CA-2014-105249,2014-11-28,2014-11-28,4,DH-13675,94122,2,FUR-BO-10000330,Not,On-Time,411.332,4,-4.8392,416.1712,0
5501,CA-2017-164378,2017-07-15,2017-07-18,1,MM-18055,10024,4,FUR-CH-10002084,Not,On-Time,664.146,6,88.5528,575.5932,3
5540,US-2017-150595,2017-05-22,2017-05-26,2,LE-16810,60653,3,FUR-CH-10000513,Not,On-Time,181.986,2,-54.5958,236.5818,4
5555,US-2014-159618,2014-12-11,2014-12-11,2,DB-12970,77036,3,FUR-BO-10004467,Not,On-Time,67.9932,1,-12.9987,80.9919,0
5629,CA-2017-148810,2017-06-26,2017-06-26,2,DR-12880,33180,1,FUR-CH-10001545,Not,On-Time,273.552,3,-13.6776,287.2296,0
5640,CA-2014-154893,2014-12-21,2014-12-27,2,GM-14440,92024,2,FUR-CH-10000595,Not,Late,572.16,3,35.76,536.4,6
5690,CA-2015-119550,2015-12-26,2015-12-31,2,RB-19705,77070,3,FUR-CH-10002044,Not,On-Time,275.058,3,-90.3762,365.4342,5
5695,US-2015-138093,2015-10-12,2015-12-16,2,KM-16225,21215,4,FUR-CH-10000785,Not,Late,542.94,3,141.1644,401.7756,65
5710,US-2015-160857,2015-08-05,2015-08-05,2,NW-18400,10024,4,FUR-CH-10002647,Yes,On-Time,127.764,2,21.294,106.47,0
5731,CA-2017-117324,2017-08-12,2017-12-13,2,JP-15520,53711,3,FUR-BO-10003159,Not,Late,459.92,4,41.3928,418.5272,123
5733,CA-2017-143574,2017-06-29,2017-06-29,3,DR-12880,6460,4,FUR-BO-10002598,Not,On-Time,638.82,9,185.2578,453.5622,0
5775,CA-2016-142398,2016-12-04,2016-12-04,2,BP-11290,90036,2,FUR-CH-10001545,Yes,On-Time,638.288,7,-31.9144,670.2024,0
5780,CA-2014-105270,2014-11-11,2014-11-18,2,AP-10915,90008,2,FUR-CH-10000988,Yes,Late,112.648,1,11.2648,101.3832,7
5785,CA-2017-141117,2017-02-10,2017-08-10,2,JK-16090,97477,2,FUR-BO-10001972,Not,Late,217.764,6,-384.7164,602.4804,181
5806,CA-2017-113873,2017-11-13,2017-11-19,2,KE-16420,75220,3,FUR-BO-10003441,Not,Late,205.9992,3,-27.2646,233.2638,6
5847,CA-2015-126725,2015-11-17,2015-11-21,2,BS-11665,92105,2,FUR-CH-10001708,Not,On-Time,225.568,2,2.8196,222.7484,4
5859,US-2017-153255,2017-03-09,2017-07-09,1,JK-15730,94521,2,FUR-BO-10004218,Not,Late,239.666,2,14.098,225.568,122
5870,CA-2016-152247,2016-07-11,2016-12-11,2,MA-17995,82001,2,FUR-CH-10001215,Not,Late,1603.136,4,100.196,1502.94,153
5881,CA-2016-133935,2016-09-18,2016-09-22,2,JW-15220,92105,2,FUR-CH-10001215,Not,On-Time,801.568,2,50.098,751.47,4
5930,US-2017-169551,2017-07-07,2017-09-07,3,RL-19615,19120,4,FUR-BO-10001519,Not,Late,87.21,3,-45.3492,132.5592,62
5956,CA-2014-155796,2014-11-11,2014-11-15,1,TS-21430,19601,4,FUR-BO-10002545,Not,Late,521.96,4,-250.5408,772.5008,4
5973,CA-2017-115105,2017-06-02,2017-11-02,2,BD-11770,10024,4,FUR-BO-10001811,Not,Late,240.784,1,30.098,210.686,153
5990,CA-2016-163776,2016-07-19,2016-07-25,2,JS-16030,39401,1,FUR-BO-10003546,Not,Late,504.9,5,126.225,378.675,6
5999,US-2014-112991,2014-10-12,2014-12-14,2,SH-19975,83605,2,FUR-CH-10001708,Not,Late,338.352,3,4.2294,334.1226,63
6031,US-2017-152492,2017-06-07,2017-06-07,4,AH-10585,33142,1,FUR-CH-10000155,Not,On-Time,239.24,1,23.924,215.316,0
6102,CA-2017-100111,2017-09-20,2017-09-26,2,SV-20365,10035,4,FUR-CH-10001215,Yes,Late,2254.41,5,375.735,1878.675,6
6114,CA-2016-124590,2016-12-11,2016-12-11,2,SP-20920,44134,4,FUR-CH-10000454,Not,On-Time,1537.074,9,0,1537.074,0
6122,CA-2017-143378,2017-09-19,2017-09-25,2,JR-16210,97477,2,FUR-BO-10001972,Not,Late,72.588,2,-128.2388,200.8268,6
6139,CA-2014-131247,2014-03-30,2014-04-04,2,GA-14725,94110,2,FUR-BO-10001337,Not,On-Time,205.666,2,-12.098,217.764,5
6152,CA-2014-111871,2014-03-18,2014-03-21,1,EK-13795,94110,2,FUR-BO-10004218,Yes,On-Time,1198.33,10,70.49,1127.84,3
6176,CA-2015-158421,2015-09-21,2015-09-26,2,GB-14575,29203,1,FUR-CH-10000309,Not,On-Time,1690.04,4,422.51,1267.53,5
6203,CA-2016-118332,2016-12-16,2016-12-23,2,PK-19075,92307,2,FUR-CH-10001708,Not,Late,563.92,5,7.049,556.871,7
6208,CA-2016-133697,2016-10-20,2016-10-24,1,CM-12445,77095,3,FUR-CH-10002372,Not,Late,56.686,1,-14.5764,71.2624,4
6226,CA-2015-133445,2015-05-10,2015-09-10,2,JF-15490,97206,2,FUR-BO-10003660,Not,Late,66.294,1,-103.8606,170.1546,123
6227,CA-2015-133445,2015-05-10,2015-09-10,2,JF-15490,97206,2,FUR-CH-10000422,Not,Late,291.168,4,-14.5584,305.7264,123
6285,CA-2016-100944,2016-09-24,2016-09-28,2,EH-13765,90049,2,FUR-CH-10000988,Not,On-Time,563.24,5,56.324,506.916,4
6292,CA-2017-143756,2017-02-12,2017-05-12,3,ME-17725,24153,1,FUR-CH-10001854,Not,Late,701.96,2,168.4704,533.4896,89
6309,CA-2016-163328,2016-04-11,2016-06-11,1,TP-21565,97405,2,FUR-CH-10000229,Not,Late,650.352,3,-97.5528,747.9048,61
6371,CA-2016-113425,2016-11-21,2016-11-21,4,JK-16120,10009,4,FUR-BO-10002598,Not,On-Time,113.568,2,12.7764,100.7916,0
6375,CA-2014-107811,2014-04-29,2014-04-29,2,LA-16780,38109,1,FUR-CH-10001394,Not,On-Time,561.584,2,70.198,491.386,0
6382,CA-2016-127236,2016-03-29,2016-03-29,2,TB-21595,45503,4,FUR-BO-10004015,Not,On-Time,299.975,5,-167.986,467.961,0
6406,CA-2017-154074,2017-08-31,2017-08-31,1,BW-11110,99207,2,FUR-CH-10002331,Yes,On-Time,569.568,2,7.1196,562.4484,0
6420,CA-2016-140130,2016-10-31,2016-10-31,2,HW-14935,74133,3,FUR-CH-10002084,Not,On-Time,368.97,3,81.1734,287.7966,0
6475,CA-2014-149524,2014-01-14,2014-01-15,3,BS-11590,19140,4,FUR-BO-10003433,Not,On-Time,61.96,4,-53.2856,115.2456,1
6482,CA-2017-140872,2017-03-06,2017-10-06,2,NR-18550,33024,1,FUR-BO-10002824,Not,Late,241.568,2,0,241.568,214
6492,CA-2016-113845,2016-11-20,2016-11-25,2,FA-14230,32839,1,FUR-BO-10004695,Not,On-Time,289.568,2,10.8588,278.7092,5
6536,CA-2014-128209,2014-11-17,2014-11-22,2,GT-14710,14215,4,FUR-BO-10002213,Not,On-Time,4007.84,10,-50.098,4057.938,5
6540,CA-2015-109862,2015-10-25,2015-10-30,2,HK-14890,19711,4,FUR-CH-10002439,Not,On-Time,291.1,5,75.686,215.414,5
6548,CA-2014-113880,2014-01-03,2014-05-03,2,VF-21715,60126,3,FUR-CH-10000863,Not,Late,634.116,6,-172.1172,806.2332,120
6550,US-2015-164966,2015-07-30,2015-07-30,3,GH-14410,55044,3,FUR-CH-10002304,Not,On-Time,155.88,6,38.97,116.91,0
6551,CA-2015-126739,2015-01-11,2015-03-11,1,JH-16180,10035,4,FUR-CH-10000422,Not,Late,327.564,4,21.8376,305.7264,59
6570,CA-2014-100678,2014-04-18,2014-04-22,2,KM-16720,77095,3,FUR-CH-10002602,Not,On-Time,317.058,3,-18.1176,335.1756,4
6588,CA-2017-104731,2017-07-21,2017-07-27,2,AM-10705,24153,1,FUR-BO-10003441,Not,Late,302.94,3,69.6762,233.2638,6
6612,CA-2015-107678,2015-04-21,2015-04-28,2,JK-16090,40214,1,FUR-CH-10001891,Yes,Late,191.96,2,51.8292,140.1308,7
6616,CA-2016-123512,2016-06-17,2016-06-19,3,MV-18190,90045,2,FUR-BO-10004218,Not,On-Time,239.666,2,14.098,225.568,2
6631,CA-2016-105081,2016-12-25,2016-12-30,2,JE-15715,98115,2,FUR-CH-10000847,Yes,On-Time,698.352,3,52.3764,645.9756,5
6700,CA-2017-145429,2017-07-21,2017-07-25,2,SW-20455,92024,2,FUR-CH-10000988,Not,On-Time,225.296,2,22.5296,202.7664,4
6710,CA-2015-123141,2015-11-14,2015-11-19,2,GZ-14470,87124,2,FUR-CH-10001891,Not,On-Time,230.352,3,20.1558,210.1962,5
6743,US-2017-101784,2017-06-07,2017-11-07,2,PO-18850,90008,2,FUR-CH-10001146,Not,Late,122.136,3,-13.7403,135.8763,153
6766,CA-2017-100615,2017-04-20,2017-04-24,2,SJ-20215,60653,3,FUR-CH-10002602,Not,On-Time,317.058,3,-18.1176,335.1756,4
6779,US-2016-147711,2016-03-09,2016-08-09,1,HF-14995,21215,4,FUR-BO-10003159,Not,Late,344.94,3,31.0446,313.8954,153
6812,CA-2017-156237,2017-09-14,2017-09-15,3,PS-18760,19140,4,FUR-CH-10002372,Not,On-Time,113.372,2,-29.1528,142.5248,1
6845,CA-2016-123946,2016-12-09,2016-12-09,2,AJ-10795,22153,1,FUR-CH-10002073,Not,On-Time,1059.12,4,307.1448,751.9752,0
6846,CA-2014-147543,2014-06-07,2014-12-07,2,BC-11125,92020,2,FUR-CH-10000155,Not,Late,478.48,2,47.848,430.632,183
6880,CA-2015-137113,2015-01-12,2015-05-12,1,TW-21025,98105,2,FUR-CH-10001215,Not,Late,2003.92,5,125.245,1878.675,120
6885,CA-2015-120677,2015-05-31,2015-05-31,2,BD-11320,55407,3,FUR-CH-10002320,Not,On-Time,2567.84,8,770.352,1797.488,0
6911,US-2017-115301,2017-07-29,2017-07-29,2,VG-21790,98103,2,FUR-BO-10004709,Not,On-Time,115.96,2,25.5112,90.4488,0
6918,CA-2014-124247,2014-12-16,2014-12-21,2,SH-20635,95823,2,FUR-CH-10001854,Not,On-Time,1403.92,5,70.196,1333.724,5
6926,CA-2015-137925,2015-11-30,2015-11-30,2,JL-15235,10035,4,FUR-BO-10001608,Not,On-Time,681.408,12,42.588,638.82,0
6946,CA-2016-106243,2016-09-30,2016-09-30,2,GM-14680,10011,4,FUR-BO-10003034,Not,On-Time,523.92,5,-26.196,550.116,0
7006,CA-2015-141740,2015-01-11,2015-05-11,2,JF-15490,10009,4,FUR-CH-10001545,Not,Late,205.164,2,13.6776,191.4864,120
7014,CA-2017-141201,2017-09-12,2017-11-12,1,DB-12910,93905,2,FUR-BO-10001519,Not,Late,148.257,3,15.6978,132.5592,61
7044,US-2017-165358,2017-07-18,2017-07-23,2,SV-20365,19134,4,FUR-CH-10002647,Not,On-Time,198.744,4,-14.196,212.94,5
7105,CA-2017-128944,2017-06-19,2017-06-21,1,KH-16330,43055,4,FUR-CH-10000785,Not,On-Time,760.116,6,-43.4352,803.5512,2
7123,CA-2017-166926,2017-01-12,2017-08-12,2,SO-20335,98105,2,FUR-BO-10002598,Not,Late,141.96,2,41.1684,100.7916,212
7140,CA-2015-163965,2015-11-20,2015-11-27,2,SS-20875,33180,1,FUR-BO-10001337,Not,Late,290.352,3,-36.294,326.646,7
7151,CA-2017-100412,2017-12-22,2017-12-26,2,SR-20425,35401,1,FUR-CH-10002647,Not,On-Time,141.96,2,35.49,106.47,4
7171,US-2017-168613,2017-08-10,2017-10-14,2,GM-14440,10009,4,FUR-CH-10002372,Not,Late,145.764,2,3.2392,142.5248,65
7187,CA-2017-133102,2017-08-17,2017-08-24,2,ED-13885,77095,3,FUR-CH-10002017,Not,Late,74.592,4,-2.1312,76.7232,7
7244,CA-2017-118892,2017-08-17,2017-08-22,1,TP-21415,19134,4,FUR-CH-10002024,Not,Late,4416.174,9,-630.882,5047.056,5
7266,US-2014-143721,2014-11-23,2014-11-26,1,DK-12835,77095,3,FUR-CH-10001973,Not,On-Time,155.372,2,-35.5136,190.8856,3
7271,CA-2016-123337,2016-09-16,2016-09-22,2,KD-16495,95123,2,FUR-BO-10001918,Not,Late,273.666,2,-12.8784,286.5444,6
7301,CA-2014-163468,2014-11-18,2014-11-21,3,JK-15730,60016,3,FUR-BO-10003546,Not,Late,424.116,6,-30.294,454.41,3
7337,CA-2015-113152,2015-12-25,2015-12-30,2,JK-15625,10024,4,FUR-BO-10002613,Not,On-Time,449.568,2,56.196,393.372,5
7341,CA-2014-116190,2014-07-26,2014-07-26,2,SG-20470,30318,1,FUR-CH-10000553,Not,On-Time,67.88,2,18.3276,49.5524,0
7348,CA-2017-168389,2017-11-12,2017-12-17,2,DV-13045,32216,1,FUR-CH-10000225,Not,Late,64.784,1,-12.147,76.931,35
7362,CA-2016-163594,2016-12-04,2016-12-04,3,JF-15295,90036,2,FUR-CH-10000225,Not,On-Time,194.352,3,-36.441,230.793,0
7368,CA-2016-127243,2016-11-28,2016-11-28,2,DS-13180,19140,4,FUR-CH-10002647,Not,On-Time,347.802,7,-24.843,372.645,0
7390,CA-2017-108035,2017-11-29,2017-11-29,2,TT-21070,37421,1,FUR-CH-10000454,Not,On-Time,390.368,2,48.796,341.572,0
7426,CA-2016-101693,2016-06-25,2016-06-27,1,LC-17140,77070,3,FUR-CH-10001146,Not,On-Time,85.246,2,-6.089,91.335,2
7460,CA-2015-137974,2015-04-16,2015-04-18,3,LL-16840,22980,1,FUR-BO-10001519,Not,On-Time,523.26,9,125.5824,397.6776,2
7535,US-2017-134642,2017-02-25,2017-02-25,2,SW-20245,27834,1,FUR-BO-10004709,Not,On-Time,231.92,5,5.798,226.122,0
7541,US-2017-112347,2017-02-12,2017-06-12,2,BS-11380,80219,2,FUR-BO-10003546,Not,Late,242.352,8,-363.528,605.88,120
7545,US-2017-112347,2017-02-12,2017-06-12,2,BS-11380,80219,2,FUR-CH-10002335,Not,Late,906.68,5,68.001,838.679,120
7555,CA-2014-114181,2014-10-05,2014-10-05,1,AF-10885,19134,4,FUR-BO-10004467,Not,On-Time,349.965,7,-216.9783,566.9433,0
7562,CA-2016-105746,2016-12-30,2017-01-01,3,BD-11605,17602,4,FUR-CH-10000454,Not,On-Time,170.786,1,0,170.786,2
7565,US-2016-166660,2016-01-30,2016-01-30,1,TB-21250,98103,2,FUR-CH-10001190,Not,On-Time,435.168,4,-59.8356,495.0036,0
7566,US-2016-166660,2016-01-30,2016-01-30,1,TB-21250,98103,2,FUR-BO-10000468,Not,On-Time,48.58,1,7.7728,40.8072,0
7592,CA-2016-158778,2016-05-09,2016-09-09,2,DB-13210,19134,4,FUR-CH-10001146,Not,Late,71.246,2,-19.3382,90.5842,123
7594,CA-2016-158778,2016-05-09,2016-09-09,2,DB-13210,19134,4,FUR-CH-10000309,Not,Late,887.271,3,-63.3765,950.6475,123
7622,US-2014-144078,2014-11-25,2014-11-29,2,RB-19435,90004,2,FUR-CH-10002335,Not,On-Time,725.344,4,54.4008,670.9432,4
7632,CA-2014-162089,2014-03-30,2014-03-30,3,MP-17470,78521,3,FUR-CH-10002304,Not,On-Time,127.302,7,-9.093,136.395,0
7640,CA-2017-104885,2017-02-03,2017-08-03,2,DB-13555,19711,4,FUR-BO-10003660,Not,Late,441.96,2,101.6508,340.3092,181
7672,CA-2015-130974,2015-11-27,2015-11-29,1,MA-17560,2149,4,FUR-BO-10002916,Not,On-Time,170.98,1,32.4862,138.4938,2
7766,US-2017-118941,2017-12-08,2017-12-08,4,BB-11545,21044,4,FUR-CH-10002331,Not,On-Time,1779.9,5,373.779,1406.121,0
7815,US-2017-109316,2017-08-06,2017-10-06,3,MG-17680,90049,2,FUR-BO-10004834,Not,Late,1497.666,2,140.9568,1356.7092,61
7825,CA-2014-125150,2014-05-16,2014-05-23,2,PW-19030,90036,2,FUR-CH-10002439,Not,Late,232.88,5,17.466,215.414,7
7829,CA-2015-137302,2015-04-26,2015-04-26,2,BW-11110,92105,2,FUR-CH-10002017,Not,On-Time,63.936,3,6.3936,57.5424,0
7867,CA-2015-143364,2015-07-14,2015-07-19,1,TG-21310,85204,2,FUR-BO-10001608,Not,Late,127.764,6,-191.646,319.41,5
7904,CA-2017-128363,2017-08-13,2017-08-18,2,DC-12850,38109,1,FUR-CH-10002073,Not,On-Time,423.648,2,47.6604,375.9876,5
7941,CA-2016-146325,2016-12-14,2016-12-17,3,DS-13180,92037,2,FUR-CH-10001146,Not,Late,81.424,2,-9.1602,90.5842,3
7949,CA-2014-131009,2014-01-03,2014-05-03,2,SC-20380,79907,3,FUR-CH-10001270,Not,Late,362.25,6,0,362.25,120
7956,CA-2017-131807,2017-05-10,2017-10-10,2,GG-14650,95928,2,FUR-CH-10001190,Yes,Late,435.168,4,-59.8356,495.0036,153
7995,US-2015-165743,2015-11-20,2015-11-23,1,MM-18055,80013,2,FUR-BO-10002268,Not,On-Time,145.764,6,-247.7988,393.5628,3
8010,CA-2015-110863,2015-11-17,2015-11-24,2,AA-10645,73120,3,FUR-CH-10002073,Not,Late,1323.9,5,383.931,939.969,7
8039,CA-2017-109393,2017-06-30,2017-06-30,1,JC-15775,90032,2,FUR-BO-10003966,Not,On-Time,435.999,3,5.1294,430.8696,0
8056,CA-2015-121188,2015-08-28,2015-08-28,2,CB-12025,90049,2,FUR-BO-10004695,Not,On-Time,307.666,2,28.9568,278.7092,0
8106,CA-2017-159149,2017-02-17,2017-02-19,3,CR-12820,77041,3,FUR-BO-10001601,Not,On-Time,89.0664,1,-17.0274,106.0938,2
8111,CA-2017-160122,2017-11-18,2017-11-23,2,RD-19930,60623,3,FUR-CH-10000422,Not,On-Time,127.386,2,-25.4772,152.8632,5
8112,CA-2016-130393,2016-01-12,2016-03-12,1,JM-15865,76903,3,FUR-CH-10002647,Not,Late,248.43,5,-17.745,266.175,60
8161,CA-2016-134138,2016-02-16,2016-02-20,2,JD-15790,7109,4,FUR-CH-10001545,Not,On-Time,227.96,2,36.4736,191.4864,4
8167,CA-2015-168207,2015-02-11,2015-06-11,2,LT-17110,92105,2,FUR-BO-10004357,Not,Late,512.499,3,-30.147,542.646,120
8232,CA-2016-162355,2016-06-30,2016-06-30,1,PF-19165,30328,1,FUR-BO-10004695,Not,On-Time,1266.86,7,291.3778,975.4822,0
8237,CA-2017-102204,2017-01-05,2017-06-05,2,CJ-12010,32216,1,FUR-CH-10002024,Not,Late,2803.92,5,0,2803.92,151
8272,CA-2016-169670,2016-12-25,2016-12-31,2,JE-15715,10009,4,FUR-CH-10002331,Not,Late,2563.056,8,313.2624,2249.7936,6
8273,CA-2016-139549,2016-10-20,2016-10-25,2,MY-18295,92020,2,FUR-CH-10001802,Not,On-Time,387.136,4,4.8392,382.2968,5
8303,US-2017-167318,2017-07-26,2017-07-26,2,GZ-14545,90036,2,FUR-CH-10000665,Not,On-Time,362.352,3,45.294,317.058,0
8314,CA-2014-161508,2014-12-07,2014-12-07,2,PV-18985,77573,3,FUR-CH-10002126,Not,On-Time,512.358,3,-14.6388,526.9968,0
8333,CA-2016-153269,2016-09-03,2016-12-03,3,PS-18760,1810,4,FUR-CH-10002647,Not,Late,354.9,5,88.725,266.175,91
8346,US-2014-155544,2014-03-21,2014-03-25,2,GM-14440,37918,1,FUR-CH-10000422,Not,On-Time,218.376,3,-10.9188,229.2948,4
8371,CA-2016-163972,2016-10-17,2016-10-21,2,MG-17890,93727,2,FUR-BO-10003894,Not,On-Time,120.666,2,21.294,99.372,4
8383,CA-2016-163048,2016-08-02,2016-08-02,2,MH-17440,77036,3,FUR-CH-10001270,Not,On-Time,241.5,4,0,241.5,0
8399,CA-2017-120061,2017-02-11,2017-07-11,1,SR-20425,45503,4,FUR-CH-10001973,Not,Late,155.372,2,-35.5136,190.8856,150
8425,CA-2017-150091,2017-12-10,2017-12-10,2,NP-18670,8701,4,FUR-BO-10003404,Not,On-Time,2154.9,5,129.294,2025.606,0
8457,US-2017-118556,2017-05-28,2017-05-28,1,TH-21235,60653,3,FUR-CH-10001146,Not,On-Time,106.869,3,-29.0073,135.8763,0
8470,US-2017-132031,2017-04-23,2017-04-27,2,PN-18775,37042,1,FUR-BO-10001972,Not,On-Time,387.136,4,-14.5176,401.6536,4
8530,CA-2017-137624,2017-10-11,2017-11-17,2,ME-17320,90008,2,FUR-CH-10001714,Not,Late,241.424,2,-36.2136,277.6376,37
8534,CA-2016-156748,2016-11-30,2016-11-30,2,BS-11755,48227,3,FUR-CH-10000513,Not,On-Time,389.97,3,35.0973,354.8727,0
8543,CA-2015-157287,2015-12-22,2015-12-23,3,HR-14830,19140,4,FUR-CH-10001270,Not,On-Time,422.625,7,0,422.625,1
8563,CA-2016-123540,2016-02-04,2016-06-04,1,DJ-13420,53209,3,FUR-CH-10000847,Not,Late,1454.9,5,378.274,1076.626,121
8610,CA-2014-151946,2014-04-06,2014-09-06,2,BT-11440,10035,4,FUR-BO-10003272,Not,Late,353.568,2,-44.196,397.764,153
8632,CA-2016-107783,2016-07-28,2016-07-29,3,OT-18730,18018,4,FUR-BO-10004409,Not,On-Time,177.45,5,-78.078,255.528,1
8635,CA-2017-159793,2017-08-25,2017-08-29,2,SV-20365,19140,4,FUR-BO-10001798,Not,On-Time,130.98,2,-89.0664,220.0464,4
8661,CA-2017-124765,2017-11-25,2017-11-30,2,HZ-14950,33311,1,FUR-BO-10003965,Not,On-Time,723.92,5,-81.441,805.361,5
8710,CA-2014-119144,2014-11-16,2014-11-18,3,JD-16150,90008,2,FUR-BO-10004015,Not,On-Time,305.9745,3,25.1979,280.7766,2
8713,US-2015-145422,2015-03-12,2015-07-12,2,PW-19240,94110,2,FUR-BO-10002213,Not,Late,359.499,3,-29.6058,389.1048,122
8721,CA-2016-120824,2016-12-06,2016-12-06,1,AW-10930,77070,3,FUR-CH-10000229,Not,On-Time,379.372,2,-119.2312,498.6032,0
8729,CA-2015-103870,2015-12-27,2015-12-31,2,SP-20860,37130,1,FUR-BO-10002853,Not,On-Time,131.104,2,8.194,122.91,4
8771,CA-2016-151148,2016-12-09,2016-12-09,4,PO-19180,80027,2,FUR-CH-10002304,Not,On-Time,83.136,4,5.196,77.94,0
8777,CA-2016-102813,2016-02-07,2016-03-07,3,EA-14035,77340,3,FUR-CH-10000665,Not,Late,528.43,5,0,528.43,29
8779,CA-2017-135377,2017-12-13,2017-12-18,2,BP-11095,10024,4,FUR-BO-10004015,Not,On-Time,287.976,3,7.1994,280.7766,5
8789,CA-2017-126914,2017-06-15,2017-06-19,2,JE-15715,28110,1,FUR-CH-10000847,Not,On-Time,698.352,3,52.3764,645.9756,4
8790,CA-2017-126914,2017-06-15,2017-06-19,2,JE-15715,28110,1,FUR-BO-10000468,Not,On-Time,77.728,2,-3.8864,81.6144,4
8803,CA-2016-140935,2016-10-11,2016-12-11,3,AB-10015,73120,3,FUR-BO-10003966,Not,Late,341.96,2,54.7136,287.2464,61
8867,CA-2014-120411,2014-09-20,2014-09-23,3,SB-20185,60653,3,FUR-BO-10004218,Not,Late,493.43,5,-70.49,563.92,3
8892,CA-2016-162159,2016-09-16,2016-09-18,3,CR-12625,31907,1,FUR-CH-10001146,Yes,On-Time,121.78,2,30.445,91.335,2
8903,CA-2016-150483,2016-05-31,2016-05-31,2,BP-11290,62521,3,FUR-CH-10000422,Not,On-Time,191.079,3,-38.2158,229.2948,0
8944,CA-2017-111717,2017-10-10,2017-10-16,2,SW-20245,60505,3,FUR-CH-10001545,Not,Late,239.358,3,-47.8716,287.2296,6
8961,CA-2017-150266,2017-11-25,2017-11-30,2,RO-19780,77070,3,FUR-CH-10002126,Not,On-Time,853.93,5,-24.398,878.328,5
8972,CA-2017-122308,2017-03-24,2017-03-28,2,MV-17485,10011,4,FUR-CH-10000665,Not,On-Time,271.764,2,60.392,211.372,4
8974,CA-2017-159226,2017-04-25,2017-04-27,1,RL-19615,90008,2,FUR-BO-10004709,Not,On-Time,344.981,7,28.4102,316.5708,2
9024,CA-2015-165799,2015-06-29,2015-06-29,3,SG-20470,10024,4,FUR-CH-10001482,Not,On-Time,117.882,1,1.3098,116.5722,0
9033,CA-2017-105823,2017-06-22,2017-06-26,2,RB-19465,48227,3,FUR-CH-10000454,Not,On-Time,487.96,2,146.388,341.572,4
9088,CA-2016-143406,2016-09-26,2016-09-30,2,LR-17035,77041,3,FUR-CH-10000513,Not,On-Time,454.965,5,-136.4895,591.4545,4
9093,CA-2015-162950,2015-06-28,2015-06-28,1,DW-13585,45373,4,FUR-BO-10001918,Not,On-Time,482.94,6,-376.6932,859.6332,0
9118,CA-2017-153045,2017-01-19,2017-01-24,1,NS-18505,19140,4,FUR-CH-10000309,Not,Late,887.271,3,-63.3765,950.6475,5
9130,CA-2016-130911,2016-03-24,2016-03-26,1,DC-12850,44105,4,FUR-BO-10004357,Not,On-Time,301.47,3,-241.176,542.646,2
9162,CA-2016-160108,2016-08-12,2016-12-12,2,AG-10900,54703,3,FUR-BO-10003450,Not,Late,405.86,7,32.4688,373.3912,122
9163,CA-2016-160108,2016-08-12,2016-12-12,2,AG-10900,54703,3,FUR-CH-10002335,Not,Late,680.01,3,176.8026,503.2074,122
9186,CA-2017-156776,2017-07-08,2017-11-08,2,JL-15505,92683,2,FUR-CH-10002317,Not,Late,207.184,1,25.898,181.286,123
9200,CA-2014-103310,2014-10-05,2014-10-05,2,GM-14680,95123,2,FUR-CH-10002320,Not,On-Time,256.784,1,32.098,224.686,0
9201,CA-2016-152688,2016-10-17,2016-10-20,3,NR-18550,8861,4,FUR-BO-10001337,Not,Late,120.98,1,12.098,108.882,3
9244,CA-2014-113271,2014-09-07,2014-09-07,2,DS-13030,94122,2,FUR-BO-10004218,Not,On-Time,119.833,1,7.049,112.784,0
9255,CA-2014-168368,2014-11-02,2014-11-02,1,GA-14725,65203,3,FUR-CH-10001146,Not,On-Time,60.89,1,15.2225,45.6675,0
9263,CA-2015-124499,2015-09-10,2015-10-13,2,FM-14380,48227,3,FUR-CH-10000513,Not,Late,389.97,3,35.0973,354.8727,33
9268,CA-2015-151869,2015-09-25,2015-09-25,4,CS-11950,11520,4,FUR-CH-10001545,Not,On-Time,102.582,1,6.8388,95.7432,0
9281,CA-2016-166772,2016-09-20,2016-09-24,2,HJ-14875,98105,2,FUR-BO-10002853,Not,On-Time,163.88,2,40.97,122.91,4
9285,CA-2014-161032,2014-11-18,2014-11-23,2,MK-17905,53132,3,FUR-CH-10001482,Not,On-Time,392.94,3,43.2234,349.7166,5
9296,CA-2017-161340,2017-05-28,2017-05-28,2,AM-10360,44105,4,FUR-BO-10004709,Not,On-Time,115.96,4,-64.9376,180.8976,0
9301,US-2015-163433,2015-04-18,2015-04-22,1,MP-17965,78501,3,FUR-CH-10000225,Not,Late,56.686,1,-20.245,76.931,4
9335,CA-2017-110198,2017-01-05,2017-02-05,3,AG-10900,33065,1,FUR-BO-10001798,Not,Late,314.352,3,-15.7176,330.0696,31
9370,CA-2017-113460,2017-07-11,2017-09-11,1,KN-16390,20735,4,FUR-CH-10000422,Not,Late,272.97,3,43.6752,229.2948,62
9372,CA-2015-111339,2015-05-29,2015-05-31,3,VP-21760,43229,4,FUR-CH-10000863,Not,On-Time,317.058,3,-86.0586,403.1166,2
9393,CA-2015-130848,2015-10-25,2015-10-25,4,DG-13300,80219,2,FUR-CH-10000422,Not,On-Time,582.336,8,-29.1168,611.4528,0
9395,CA-2014-125997,2014-09-20,2014-09-23,3,MW-18220,10011,4,FUR-CH-10001394,Not,Late,631.782,2,140.396,491.386,3
9396,CA-2014-125997,2014-09-20,2014-09-23,3,MW-18220,10011,4,FUR-BO-10002213,Not,Late,801.568,2,-10.0196,811.5876,3
9426,CA-2014-116246,2014-12-09,2014-12-09,1,LW-17215,10035,4,FUR-CH-10002024,Not,On-Time,3785.292,6,420.588,3364.704,0
9429,CA-2014-152100,2014-11-05,2014-11-05,2,VW-21775,77340,3,FUR-CH-10000015,Not,On-Time,1212.96,8,-69.312,1282.272,0
9463,US-2017-109610,2017-11-25,2017-11-30,1,BS-11590,40214,1,FUR-CH-10001854,Not,Late,701.96,2,168.4704,533.4896,5
9485,CA-2016-164770,2016-02-12,2016-04-12,1,MY-18295,77036,3,FUR-BO-10003893,Not,Late,781.864,10,-137.976,919.84,60
9513,CA-2017-142461,2017-05-30,2017-05-30,1,KT-16480,75217,3,FUR-BO-10001811,Not,On-Time,204.6664,1,-6.0196,210.686,0
9533,CA-2016-116596,2016-10-27,2016-10-31,2,BW-11200,10011,4,FUR-CH-10000553,Not,On-Time,427.644,14,80.7772,346.8668,4
9538,CA-2016-148747,2016-09-25,2016-09-27,3,AS-10045,94110,2,FUR-BO-10002613,Not,On-Time,477.666,2,84.294,393.372,2
9545,CA-2015-135251,2015-06-08,2015-10-08,2,RP-19270,77095,3,FUR-BO-10003965,Not,Late,369.1992,3,-114.0174,483.2166,122
9576,CA-2015-143147,2015-05-26,2015-05-28,1,PS-18760,78207,3,FUR-CH-10000863,Not,On-Time,105.686,1,-28.6862,134.3722,2
9584,CA-2017-116127,2017-06-25,2017-06-27,1,SB-20185,10024,4,FUR-BO-10002213,Not,On-Time,400.784,1,-5.0098,405.7938,2
9626,CA-2017-137449,2017-06-29,2017-06-30,3,ME-17725,75220,3,FUR-BO-10000780,Not,On-Time,409.9992,3,-96.4704,506.4696,1
9636,CA-2014-151330,2014-10-14,2014-10-17,3,TC-21295,2149,4,FUR-CH-10000749,Not,Late,1628.82,9,260.6112,1368.2088,3
9650,CA-2016-107104,2016-11-26,2016-11-30,2,MS-17365,90045,2,FUR-BO-10002213,Not,On-Time,3406.664,8,160.3136,3246.3504,4
9692,CA-2015-130183,2015-11-13,2015-11-17,2,PO-18850,77041,3,FUR-BO-10001811,Not,On-Time,613.9992,3,-18.0588,632.058,4
9722,CA-2016-105781,2016-02-16,2016-02-20,2,JF-15565,10024,4,FUR-CH-10001802,Not,On-Time,326.646,3,39.9234,286.7226,4
9733,CA-2014-114321,2014-08-20,2014-08-25,2,NC-18535,23666,1,FUR-CH-10001797,Not,On-Time,500.24,13,145.0696,355.1704,5
9742,CA-2015-117086,2015-08-11,2015-12-11,2,QJ-19255,5408,4,FUR-BO-10004834,Not,Late,4404.9,5,1013.127,3391.773,122
9760,CA-2016-146913,2016-10-31,2016-10-31,2,SF-20965,94109,2,FUR-CH-10001854,Not,On-Time,1403.92,5,70.196,1333.724,0
9770,CA-2016-123533,2016-11-24,2016-11-30,2,SC-20050,33012,1,FUR-BO-10001619,Not,Late,339.92,5,8.498,331.422,6
9788,CA-2017-144491,2017-03-27,2017-03-27,2,CJ-12010,77070,3,FUR-BO-10001811,Not,On-Time,1023.332,5,-30.098,1053.43,0
9791,CA-2017-144491,2017-03-27,2017-03-27,2,CJ-12010,77070,3,FUR-CH-10001714,Not,On-Time,211.246,2,-66.3916,277.6376,0
9808,CA-2017-107209,2017-07-27,2017-07-27,1,JW-15955,27604,1,FUR-CH-10001146,Not,On-Time,194.848,4,12.178,182.67,0
9843,US-2016-125402,2016-09-25,2016-09-25,2,DL-12865,90805,2,FUR-CH-10000665,Not,On-Time,483.136,4,60.392,422.744,0
9908,US-2015-129007,2015-09-13,2015-09-15,3,KD-16615,92804,2,FUR-CH-10000155,Not,On-Time,717.72,3,71.772,645.948,2
9913,CA-2015-132388,2015-10-10,2015-12-10,3,KN-16390,93101,2,FUR-CH-10001714,Not,Late,362.136,3,-54.3204,416.4564,61
9920,CA-2016-149272,2016-03-15,2016-03-19,2,MY-18295,77803,3,FUR-CH-10000863,Not,On-Time,528.43,5,-143.431,671.861,4
9932,CA-2015-104948,2015-11-13,2015-11-17,2,KH-16510,92404,2,FUR-BO-10004357,Not,On-Time,683.332,4,-40.196,723.528,4
9963,CA-2015-168088,2015-03-19,2015-03-22,3,CM-12655,77041,3,FUR-BO-10004218,Not,Late,383.4656,4,-67.6704,451.136,3
